ID,Name,Tutor / Student,Subject,Online / F2F,Day,Hour,Phone number
513960689,Ian Irwin,Student,History,Online,Sunday,12:00,555-2424
758909325,Nina Norton,Student,English,Online,Thursday,14:00,555-4582
685155652,Tina Turner,Student,Biology,Online,Friday,19:00,555-7873
038392338,Hannah Harris,Tutor,Physics,F2F,Thursday,12:00,555-9935
527043571,Laura Lane,Student,Physics,F2F,Saturday,18:00,555-1488
143594589,Paula Perez,Student,Math,Online,Wednesday,12:00,555-9279
419693663,Bob Brown,Tutor,History,Online,Sunday,12:00,555-1409
572320701,Rachel Ross,Student,Physics,Online,Monday,09:00,555-4257
333381585,Steve Smith,Student,English,F2F,Friday,11:00,555-9928
565985210,Oscar Owen,Student,Physics,F2F,Tuesday,11:00,555-4811
331041964,Quinn Reed,Student,English,Online,Tuesday,13:00,555-1434
331041964,Quinn Reed,Student,Math,F2F,Sunday,18:00,555-1434
572320701,Rachel Ross,Student,Physics,F2F,Sunday,08:00,555-4257
624821769,Kevin King,Student,Math,F2F,Thursday,10:00,555-1520
560320979,Fiona Fox,Tutor,English,Online,Friday,13:00,555-3286
527043571,Laura Lane,Student,Biology,F2F,Monday,11:00,555-1488
219287645,Diana Davis,Tutor,English,F2F,Sunday,08:00,555-5012
038392338,Hannah Harris,Tutor,Computer Science,Online,Sunday,13:00,555-9935
143594589,Paula Perez,Student,English,F2F,Sunday,08:00,555-9279
038392338,Hannah Harris,Tutor,Math,Online,Friday,09:00,555-9935
219287645,Diana Davis,Tutor,History,F2F,Sunday,18:00,555-5012
572320701,Rachel Ross,Student,English,F2F,Saturday,17:00,555-4257
651151622,Charlie Clark,Tutor,Biology,F2F,Wednesday,10:00,555-5506
331041964,Quinn Reed,Student,Math,F2F,Monday,16:00,555-1434
143594589,Paula Perez,Student,English,Online,Wednesday,16:00,555-9279
358726904,Evan Evans,Tutor,English,F2F,Friday,11:00,555-4657
758909325,Nina Norton,Student,Math,Online,Thursday,09:00,555-4582
527043571,Laura Lane,Student,Computer Science,Online,Thursday,12:00,555-1488
219287645,Diana Davis,Tutor,Math,Online,Thursday,09:00,555-5012
038392338,Hannah Harris,Tutor,Computer Science,F2F,Tuesday,13:00,555-9935
651151622,Charlie Clark,Tutor,English,Online,Friday,19:00,555-5506
565985210,Oscar Owen,Student,Math,F2F,Friday,10:00,555-4811
143594589,Paula Perez,Student,Physics,Online,Saturday,17:00,555-9279
333381585,Steve Smith,Student,Computer Science,F2F,Tuesday,13:00,555-9928
651151622,Charlie Clark,Tutor,History,F2F,Sunday,09:00,555-5506
775675864,Mike Miller,Student,Chemistry,Online,Tuesday,17:00,555-2535
758909325,Nina Norton,Student,English,F2F,Wednesday,11:00,555-4582
572320701,Rachel Ross,Student,Computer Science,Online,Tuesday,18:00,555-4257
419693663,Bob Brown,Tutor,Physics,Online,Monday,13:00,555-1409
685155652,Tina Turner,Student,Biology,F2F,Wednesday,10:00,555-7873
685155652,Tina Turner,Student,Biology,F2F,Friday,08:00,555-7873
333381585,Steve Smith,Student,Biology,Online,Sunday,15:00,555-9928
038392338,Hannah Harris,Tutor,Math,F2F,Monday,17:00,555-9935
624821769,Kevin King,Student,Physics,F2F,Thursday,18:00,555-1520
219287645,Diana Davis,Tutor,Physics,Online,Sunday,18:00,555-5012
326852908,George Green,Tutor,History,F2F,Thursday,18:00,555-2679
651151622,Charlie Clark,Tutor,English,Online,Wednesday,18:00,555-5506
038392338,Hannah Harris,Tutor,Math,F2F,Monday,16:00,555-9935
419693663,Bob Brown,Tutor,Computer Science,Online,Thursday,12:00,555-1409
358726904,Evan Evans,Tutor,English,F2F,Monday,08:00,555-4657
335327995,yahal yaary,Student,Math,F2F,Monday,16:00,555-1234
